Eleccion,Pacto,Votacion,Perc
2024,BYN,144980,18.98
2023,BYN,123233,18.740000000000002
2021,BYN,51107,12.790000000000001
2017,BYN,40633,10.879999999999999
