Eleccion,Pacto,Votacion,Perc
2024,F,62613,10.12
2024,P,47267,7.64
2024,Z,168434,27.22
2023,CHILE SEGURO,150444,28.16
2023,INDEPENDIENTES,38285,7.17
2023,PARTIDO DE LA GENTE,26077,4.88
2023,PARTIDO REPUBLICANO DE CHILE,201906,37.79
2021,CHILE PODEMOS +,122186,35.07
2021,FRENTE SOCIAL CRISTIANO,61741,17.72
2021,INDEPENDIENTES UNIDOS,9967,2.86
2021,PARTIDO DE LA GENTE,22995,6.6000000000000005
2017,CHILE VAMOS,139992,37.480000000000004
2017,INDEPENDIENTES,40668,10.89
2017,SUMEMOS,9853,2.64
