Eleccion,Pacto,Votacion,Perc
2024,F,62613,10.12
2024,O,70832,11.450000000000001
2024,P,47267,7.64
2024,Z,168434,27.22
2024,ZZI,269682,43.580000000000005
